Title,Media URL,Pinterest board,Thumbnail,Description,Link,Publish date,Keywords
Sumi-e Surfer Cutback with Aqua Accent Print,https://grantholt-byte.github.io/images/sumi-e-surfer-cutback-with-aqua-accent-print-japanese-ink-surf-art-zen-coast.jpg,Earth Day Ocean Art,,"Sumi-e Surfer Cutback with Aqua Accent Print. Celebrate the ocean with stunning coastal wall art. Printable, sustainable, zero waste. $4.99 instant digital download. zen coastal decor | zen wall art | wabi sabi art | japanese wave art",https://www.etsy.com/listing/4487207911,,"japanese wave art, zen wall art, ink wash painting, asian brush art, sumi ink wave, minimalist ocean art, zen coastal decor, chinese brush painting, wabi sabi art"
Sumi-e Breaking Wave Print,https://grantholt-byte.github.io/images/sumi-e-breaking-wave-print-japanese-ink-ocean-art-zen-coastal-wall-art-des.jpg,Earth Day Ocean Art,,"Sumi-e Breaking Wave Print. Celebrate the ocean with stunning coastal wall art. Printable, sustainable, zero waste. $4.99 instant digital download. chinese brush painting | ink wash painting | minimalist ocean art | zen wall art",https://www.etsy.com/listing/4487040060,,"japanese wave art, zen wall art, ink wash painting, asian brush art, sumi ink wave, minimalist ocean art, zen coastal decor, chinese brush painting, wabi sabi art"
Sumi-e Pelican with Ochre Sun Accent Print,https://grantholt-byte.github.io/images/sumi-e-pelican-with-ochre-sun-accent-print-japanese-ink-coastal-bird-art-zen.jpg,Earth Day Ocean Art,,"Sumi-e Pelican with Ochre Sun Accent Print. Celebrate the ocean with stunning coastal wall art. Printable, sustainable, zero waste. $4.99 instant digital download. wabi sabi art | sumi ink wave | ink wash painting | chinese brush painting",https://www.etsy.com/listing/4487209399,,"japanese wave art, zen wall art, ink wash painting, asian brush art, sumi ink wave, minimalist ocean art, zen coastal decor, chinese brush painting, wabi sabi art"
Sumi-e Wave Ink Painting with Red Accent Print,https://grantholt-byte.github.io/images/sumi-e-wave-ink-painting-with-red-accent-print-japanese-brush-stroke-ocean-art.jpg,Earth Day Ocean Art,,"Sumi-e Wave Ink Painting with Red Accent Print. Celebrate the ocean with stunning coastal wall art. Printable, sustainable, zero waste. $4.99 instant digital download. chinese brush painting | asian brush art | ink wash painting | zen wall art",https://www.etsy.com/listing/4487223310,,"japanese wave art, zen wall art, ink wash painting, asian brush art, sumi ink wave, minimalist ocean art, zen coastal decor, chinese brush painting, wabi sabi art"
Sumi-e Three Pelicans with Persimmon Accent Print,https://grantholt-byte.github.io/images/sumi-e-three-pelicans-with-persimmon-accent-print-japanese-ink-coastal-bird-ar.jpg,Earth Day Ocean Art,,"Sumi-e Three Pelicans with Persimmon Accent Print. Celebrate the ocean with stunning coastal wall art. Printable, sustainable, zero waste. $4.99 instant digital download. ink wash painting | zen wall art | sumi ink wave | asian brush art",https://www.etsy.com/listing/4487211763,,"japanese wave art, zen wall art, ink wash painting, asian brush art, sumi ink wave, minimalist ocean art, zen coastal decor, chinese brush painting, wabi sabi art"
Xieyi Ink Surfer In The Barrel Print,https://grantholt-byte.github.io/images/xieyi-ink-surfer-in-the-barrel-print-chinese-brush-painting-surf-wall-art-ze.jpg,Earth Day Ocean Art,,"Xieyi Ink Surfer In The Barrel Print. Celebrate the ocean with stunning coastal wall art. Printable, sustainable, zero waste. $4.99 instant digital download. asian brush art | wabi sabi art | zen wall art | japanese wave art",https://www.etsy.com/listing/4487194181,,"japanese wave art, zen wall art, ink wash painting, asian brush art, sumi ink wave, minimalist ocean art, zen coastal decor, chinese brush painting, wabi sabi art"
Xieyi Ink Crashing Wave Print,https://grantholt-byte.github.io/images/xieyi-ink-crashing-wave-print-chinese-brush-painting-ocean-wall-art-zen-coas.jpg,Earth Day Ocean Art,,"Xieyi Ink Crashing Wave Print. Celebrate the ocean with stunning coastal wall art. Printable, sustainable, zero waste. $4.99 instant digital download. minimalist ocean art | wabi sabi art | ink wash painting | chinese brush painting",https://www.etsy.com/listing/4487252100,,"japanese wave art, zen wall art, ink wash painting, asian brush art, sumi ink wave, minimalist ocean art, zen coastal decor, chinese brush painting, wabi sabi art"
Sumi-e Dawn Patrol Surfer Print,https://grantholt-byte.github.io/images/sumi-e-dawn-patrol-surfer-print-japanese-ink-surf-art-zen-coastal-wall-art.jpg,Earth Day Ocean Art,,"Sumi-e Dawn Patrol Surfer Print. Celebrate the ocean with stunning coastal wall art. Printable, sustainable, zero waste. $4.99 instant digital download. sumi ink wave | ink wash painting | wabi sabi art | zen wall art",https://www.etsy.com/listing/4487033549,,"japanese wave art, zen wall art, ink wash painting, asian brush art, sumi ink wave, minimalist ocean art, zen coastal decor, chinese brush painting, wabi sabi art"
Xieyi Ink Dog Gazing At Ocean Horizon Print,https://grantholt-byte.github.io/images/xieyi-ink-dog-gazing-at-ocean-horizon-print-chinese-brush-painting-beach-dog-a.jpg,Earth Day Ocean Art,,"Xieyi Ink Dog Gazing At Ocean Horizon Print. Celebrate the ocean with stunning coastal wall art. Printable, sustainable, zero waste. $4.99 instant digital download. chinese brush painting | wabi sabi art | asian brush art | zen coastal decor",https://www.etsy.com/listing/4487203850,,"japanese wave art, zen wall art, ink wash painting, asian brush art, sumi ink wave, minimalist ocean art, zen coastal decor, chinese brush painting, wabi sabi art"
Sumi-e Lone Surfer Print,https://grantholt-byte.github.io/images/sumi-e-lone-surfer-print-japanese-ink-painting-surf-art-zen-coastal-wall-art.jpg,Earth Day Ocean Art,,"Sumi-e Lone Surfer Print. Celebrate the ocean with stunning coastal wall art. Printable, sustainable, zero waste. $4.99 instant digital download. zen wall art | japanese wave art | sumi ink wave | zen coastal decor",https://www.etsy.com/listing/4487029189,,"japanese wave art, zen wall art, ink wash painting, asian brush art, sumi ink wave, minimalist ocean art, zen coastal decor, chinese brush painting, wabi sabi art"
Xieyi Ink Surfer Duck Dive Print,https://grantholt-byte.github.io/images/xieyi-ink-surfer-duck-dive-print-chinese-brush-painting-surf-wall-art-zen-co.jpg,Earth Day Ocean Art,,"Xieyi Ink Surfer Duck Dive Print. Celebrate the ocean with stunning coastal wall art. Printable, sustainable, zero waste. $4.99 instant digital download. ink wash painting | japanese wave art | chinese brush painting | zen coastal decor",https://www.etsy.com/listing/4487194917,,"japanese wave art, zen wall art, ink wash painting, asian brush art, sumi ink wave, minimalist ocean art, zen coastal decor, chinese brush painting, wabi sabi art"
Sumi-e Surfer Cutback Print,https://grantholt-byte.github.io/images/sumi-e-surfer-cutback-print-japanese-ink-painting-surf-art-zen-coastal-wall.jpg,Earth Day Ocean Art,,"Sumi-e Surfer Cutback Print. Celebrate the ocean with stunning coastal wall art. Printable, sustainable, zero waste. $4.99 instant digital download. japanese wave art | asian brush art | chinese brush painting | zen coastal decor",https://www.etsy.com/listing/4487037406,,"japanese wave art, zen wall art, ink wash painting, asian brush art, sumi ink wave, minimalist ocean art, zen coastal decor, chinese brush painting, wabi sabi art"
Sumi-e Three Pelicans Print,https://grantholt-byte.github.io/images/sumi-e-three-pelicans-print-japanese-ink-coastal-bird-art-zen-coastal-wall-a.jpg,Earth Day Ocean Art,,"Sumi-e Three Pelicans Print. Celebrate the ocean with stunning coastal wall art. Printable, sustainable, zero waste. $4.99 instant digital download. minimalist ocean art | zen wall art | chinese brush painting | sumi ink wave",https://www.etsy.com/listing/4487042114,,"japanese wave art, zen wall art, ink wash painting, asian brush art, sumi ink wave, minimalist ocean art, zen coastal decor, chinese brush painting, wabi sabi art"
Sumi-e Wayfarer Sunglasses with Red Accent Print,https://grantholt-byte.github.io/images/sumi-e-wayfarer-sunglasses-with-red-accent-print-japanese-ink-surf-art-zen-c.jpg,Earth Day Ocean Art,,"Sumi-e Wayfarer Sunglasses with Red Accent Print. Celebrate the ocean with stunning coastal wall art. Printable, sustainable, zero waste. $4.99 instant digital download. asian brush art | sumi ink wave | zen wall art | chinese brush painting",https://www.etsy.com/listing/4487222020,,"japanese wave art, zen wall art, ink wash painting, asian brush art, sumi ink wave, minimalist ocean art, zen coastal decor, chinese brush painting, wabi sabi art"
Sumi-e Crashing Wave with Indigo Accent Print,https://grantholt-byte.github.io/images/sumi-e-crashing-wave-with-indigo-accent-print-japanese-ink-ocean-art-zen-coa.jpg,Earth Day Ocean Art,,"Sumi-e Crashing Wave with Indigo Accent Print. Celebrate the ocean with stunning coastal wall art. Printable, sustainable, zero waste. $4.99 instant digital download. japanese wave art | ink wash painting | asian brush art | zen wall art",https://www.etsy.com/listing/4487222654,,"japanese wave art, zen wall art, ink wash painting, asian brush art, sumi ink wave, minimalist ocean art, zen coastal decor, chinese brush painting, wabi sabi art"
Sumi-e Lone Palm with Sunset Accent Print,https://grantholt-byte.github.io/images/sumi-e-lone-palm-with-sunset-accent-print-japanese-ink-tropical-art-zen-coas.jpg,Earth Day Ocean Art,,"Sumi-e Lone Palm with Sunset Accent Print. Celebrate the ocean with stunning coastal wall art. Printable, sustainable, zero waste. $4.99 instant digital download. minimalist ocean art | chinese brush painting | zen coastal decor | sumi ink wave",https://www.etsy.com/listing/4487213339,,"japanese wave art, zen wall art, ink wash painting, asian brush art, sumi ink wave, minimalist ocean art, zen coastal decor, chinese brush painting, wabi sabi art"
Sumi-e Dawn Patrol Surfer with Rose Accent Print,https://grantholt-byte.github.io/images/sumi-e-dawn-patrol-surfer-with-rose-accent-print-japanese-ink-surf-art-zen-c.jpg,Earth Day Ocean Art,,"Sumi-e Dawn Patrol Surfer with Rose Accent Print. Celebrate the ocean with stunning coastal wall art. Printable, sustainable, zero waste. $4.99 instant digital download. chinese brush painting | sumi ink wave | japanese wave art | asian brush art",https://www.etsy.com/listing/4487218856,,"japanese wave art, zen wall art, ink wash painting, asian brush art, sumi ink wave, minimalist ocean art, zen coastal decor, chinese brush painting, wabi sabi art"
Sumi-e Seven Waves with Gold Accent Print,https://grantholt-byte.github.io/images/sumi-e-seven-waves-with-gold-accent-print-japanese-ink-ocean-art-zen-coastal.jpg,Earth Day Ocean Art,,"Sumi-e Seven Waves with Gold Accent Print. Celebrate the ocean with stunning coastal wall art. Printable, sustainable, zero waste. $4.99 instant digital download. wabi sabi art | ink wash painting | zen coastal decor | sumi ink wave",https://www.etsy.com/listing/4487220404,,"japanese wave art, zen wall art, ink wash painting, asian brush art, sumi ink wave, minimalist ocean art, zen coastal decor, chinese brush painting, wabi sabi art"
Sumi-e Seven Waves Print,https://grantholt-byte.github.io/images/sumi-e-seven-waves-print-japanese-ink-ocean-art-zen-coastal-wall-art-desig.jpg,Earth Day Ocean Art,,"Sumi-e Seven Waves Print. Celebrate the ocean with stunning coastal wall art. Printable, sustainable, zero waste. $4.99 instant digital download. zen coastal decor | minimalist ocean art | sumi ink wave | japanese wave art",https://www.etsy.com/listing/4487044340,,"japanese wave art, zen wall art, ink wash painting, asian brush art, sumi ink wave, minimalist ocean art, zen coastal decor, chinese brush painting, wabi sabi art"
Sumi-e Wayfarer Sunglasses Print,https://grantholt-byte.github.io/images/sumi-e-wayfarer-sunglasses-print-japanese-ink-surf-art-zen-coastal-wall-art.jpg,Earth Day Ocean Art,,"Sumi-e Wayfarer Sunglasses Print. Celebrate the ocean with stunning coastal wall art. Printable, sustainable, zero waste. $4.99 instant digital download. chinese brush painting | sumi ink wave | zen wall art | zen coastal decor",https://www.etsy.com/listing/4487054802,,"japanese wave art, zen wall art, ink wash painting, asian brush art, sumi ink wave, minimalist ocean art, zen coastal decor, chinese brush painting, wabi sabi art"
Sumi-e Lone Palm Print,https://grantholt-byte.github.io/images/sumi-e-lone-palm-print-japanese-ink-tropical-art-zen-coastal-wall-art-desi.jpg,Earth Day Ocean Art,,"Sumi-e Lone Palm Print. Celebrate the ocean with stunning coastal wall art. Printable, sustainable, zero waste. $4.99 instant digital download. minimalist ocean art | ink wash painting | japanese wave art | zen wall art",https://www.etsy.com/listing/4487037975,,"japanese wave art, zen wall art, ink wash painting, asian brush art, sumi ink wave, minimalist ocean art, zen coastal decor, chinese brush painting, wabi sabi art"
Sumi-e Pelican Print,https://grantholt-byte.github.io/images/sumi-e-pelican-print-japanese-ink-coastal-bird-art-zen-coastal-wall-art-de.jpg,Earth Day Ocean Art,,"Sumi-e Pelican Print. Celebrate the ocean with stunning coastal wall art. Printable, sustainable, zero waste. $4.99 instant digital download. zen wall art | wabi sabi art | japanese wave art | chinese brush painting",https://www.etsy.com/listing/4487031557,,"japanese wave art, zen wall art, ink wash painting, asian brush art, sumi ink wave, minimalist ocean art, zen coastal decor, chinese brush painting, wabi sabi art"
Xieyi Ink Leaping Dolphin Print,https://grantholt-byte.github.io/images/xieyi-ink-leaping-dolphin-print-chinese-brush-painting-ocean-wall-art-zen-co.jpg,Earth Day Ocean Art,,"Xieyi Ink Leaping Dolphin Print. Celebrate the ocean with stunning coastal wall art. Printable, sustainable, zero waste. $4.99 instant digital download. zen coastal decor | sumi ink wave | minimalist ocean art | japanese wave art",https://www.etsy.com/listing/4487207958,,"japanese wave art, zen wall art, ink wash painting, asian brush art, sumi ink wave, minimalist ocean art, zen coastal decor, chinese brush painting, wabi sabi art"
Xieyi Ink Surfer Cutback Print,https://grantholt-byte.github.io/images/xieyi-ink-surfer-cutback-print-chinese-brush-painting-surf-wall-art-zen-coas.jpg,Earth Day Ocean Art,,"Xieyi Ink Surfer Cutback Print. Celebrate the ocean with stunning coastal wall art. Printable, sustainable, zero waste. $4.99 instant digital download. chinese brush painting | wabi sabi art | minimalist ocean art | ink wash painting",https://www.etsy.com/listing/4487208568,,"japanese wave art, zen wall art, ink wash painting, asian brush art, sumi ink wave, minimalist ocean art, zen coastal decor, chinese brush painting, wabi sabi art"
Xieyi Ink Dog Paddling In Ocean Print,https://grantholt-byte.github.io/images/xieyi-ink-dog-paddling-in-ocean-print-chinese-brush-painting-swimming-dog-art.jpg,Earth Day Ocean Art,,"Xieyi Ink Dog Paddling In Ocean Print. Celebrate the ocean with stunning coastal wall art. Printable, sustainable, zero waste. $4.99 instant digital download. asian brush art | zen wall art | minimalist ocean art | japanese wave art",https://www.etsy.com/listing/4487205218,,"japanese wave art, zen wall art, ink wash painting, asian brush art, sumi ink wave, minimalist ocean art, zen coastal decor, chinese brush painting, wabi sabi art"
Sumi-e Wave Ink Painting Print,https://grantholt-byte.github.io/images/sumi-e-wave-ink-painting-print-japanese-brush-stroke-ocean-art-zen-coastal-w.jpg,Earth Day Ocean Art,,"Sumi-e Wave Ink Painting Print. Celebrate the ocean with stunning coastal wall art. Printable, sustainable, zero waste. $4.99 instant digital download. japanese wave art | minimalist ocean art | chinese brush painting | wabi sabi art",https://www.etsy.com/listing/4487058042,,"japanese wave art, zen wall art, ink wash painting, asian brush art, sumi ink wave, minimalist ocean art, zen coastal decor, chinese brush painting, wabi sabi art"
Xieyi Ink Dog Zoomies On The Sand Print,https://grantholt-byte.github.io/images/xieyi-ink-dog-zoomies-on-the-sand-print-chinese-brush-painting-beach-dog-art.jpg,Earth Day Ocean Art,,"Xieyi Ink Dog Zoomies On The Sand Print. Celebrate the ocean with stunning coastal wall art. Printable, sustainable, zero waste. $4.99 instant digital download. zen coastal decor | chinese brush painting | ink wash painting | asian brush art",https://www.etsy.com/listing/4487197711,,"japanese wave art, zen wall art, ink wash painting, asian brush art, sumi ink wave, minimalist ocean art, zen coastal decor, chinese brush painting, wabi sabi art"
Xieyi Ink Dog Chasing Stick Into Surf Print,https://grantholt-byte.github.io/images/xieyi-ink-dog-chasing-stick-into-surf-print-chinese-brush-painting-beach-dog-a.jpg,Earth Day Ocean Art,,"Xieyi Ink Dog Chasing Stick Into Surf Print. Celebrate the ocean with stunning coastal wall art. Printable, sustainable, zero waste. $4.99 instant digital download. zen wall art | zen coastal decor | sumi ink wave | ink wash painting",https://www.etsy.com/listing/4487196369,,"japanese wave art, zen wall art, ink wash painting, asian brush art, sumi ink wave, minimalist ocean art, zen coastal decor, chinese brush painting, wabi sabi art"
Sumi-e Breaking Wave with Cobalt Accent Print,https://grantholt-byte.github.io/images/sumi-e-breaking-wave-with-cobalt-accent-print-japanese-ink-ocean-art-zen-coa.jpg,Earth Day Ocean Art,,"Sumi-e Breaking Wave with Cobalt Accent Print. Celebrate the ocean with stunning coastal wall art. Printable, sustainable, zero waste. $4.99 instant digital download. minimalist ocean art | sumi ink wave | wabi sabi art | zen wall art",https://www.etsy.com/listing/4487210199,,"japanese wave art, zen wall art, ink wash painting, asian brush art, sumi ink wave, minimalist ocean art, zen coastal decor, chinese brush painting, wabi sabi art"
Sumi-e Longboard Still Life with Red Accent Print,https://grantholt-byte.github.io/images/sumi-e-longboard-still-life-with-red-accent-print-japanese-ink-surfboard-art.jpg,Earth Day Ocean Art,,"Sumi-e Longboard Still Life with Red Accent Print. Celebrate the ocean with stunning coastal wall art. Printable, sustainable, zero waste. $4.99 instant digital download. sumi ink wave | minimalist ocean art | asian brush art | japanese wave art",https://www.etsy.com/listing/4487208651,,"japanese wave art, zen wall art, ink wash painting, asian brush art, sumi ink wave, minimalist ocean art, zen coastal decor, chinese brush painting, wabi sabi art"
Sumi-e Lone Surfer with Rose Dawn Accent Print,https://grantholt-byte.github.io/images/sumi-e-lone-surfer-with-rose-dawn-accent-print-japanese-ink-surf-art-zen-coa.jpg,Earth Day Ocean Art,,"Sumi-e Lone Surfer with Rose Dawn Accent Print. Celebrate the ocean with stunning coastal wall art. Printable, sustainable, zero waste. $4.99 instant digital download. zen coastal decor | chinese brush painting | japanese wave art | ink wash painting",https://www.etsy.com/listing/4487215074,,"japanese wave art, zen wall art, ink wash painting, asian brush art, sumi ink wave, minimalist ocean art, zen coastal decor, chinese brush painting, wabi sabi art"
Vintage Etching Style Wave Print,https://grantholt-byte.github.io/images/vintage-etching-style-wave-print-fine-art-ocean-engraving-museum-quality-coa.jpg,Earth Day Ocean Art,,"Vintage Etching Style Wave Print. Celebrate the ocean with stunning coastal wall art. Printable, sustainable, zero waste. $4.99 instant digital download. gallery wall print | classical ocean art | vintage engraving | etching style art",https://www.etsy.com/listing/4487244056,,"fine art wave print, museum quality ocean, etching style art, vintage engraving, classical ocean art, gallery wall print"
Ocean Wave Art Print,https://grantholt-byte.github.io/images/ocean-wave-art-print-rolling-wave-nursery-decor-coastal-baby-room-wall-art-sea-i.jpg,Earth Day Ocean Art,,"Ocean Wave Art Print. Celebrate the ocean with stunning coastal wall art. Printable, sustainable, zero waste. $4.99 instant digital download. whale nursery art | ocean nursery art | coastal baby room | beach nursery decor",https://www.etsy.com/listing/4485494909,,"ocean nursery art, beach nursery decor, coastal baby room, nautical nursery print, sea nursery wall art, gentle ocean art, baby room coastal, soft ocean print, whale nursery art"
Clownfish Surfing Art Print,https://grantholt-byte.github.io/images/clownfish-surfing-art-print-ocean-nursery-decor-baby-beach-wall-art-cute-surf-ro.jpg,Earth Day Ocean Art,,"Clownfish Surfing Art Print. Celebrate the ocean with stunning coastal wall art. Printable, sustainable, zero waste. $4.99 instant digital download. sea nursery wall art | soft ocean print | nautical nursery print | whale nursery art",https://www.etsy.com/listing/4485514189,,"ocean nursery art, beach nursery decor, coastal baby room, nautical nursery print, sea nursery wall art, gentle ocean art, baby room coastal, soft ocean print, whale nursery art"
Seagull Surfing Art Print,https://grantholt-byte.github.io/images/seagull-surfing-art-print-ocean-nursery-wall-art-baby-beach-decor-cute-surf-nurs.jpg,Earth Day Ocean Art,,"Seagull Surfing Art Print. Celebrate the ocean with stunning coastal wall art. Printable, sustainable, zero waste. $4.99 instant digital download. baby room coastal | whale nursery art | beach nursery decor | soft ocean print",https://www.etsy.com/listing/4485515437,,"ocean nursery art, beach nursery decor, coastal baby room, nautical nursery print, sea nursery wall art, gentle ocean art, baby room coastal, soft ocean print, whale nursery art"
Whale Surfing Nursery Art Print,https://grantholt-byte.github.io/images/whale-surfing-nursery-art-print-baby-ocean-wall-art-beach-themed-nursery-decor-c.jpg,Earth Day Ocean Art,,"Whale Surfing Nursery Art Print. Celebrate the ocean with stunning coastal wall art. Printable, sustainable, zero waste. $4.99 instant digital download. beach nursery decor | ocean nursery art | nautical nursery print | baby room coastal",https://www.etsy.com/listing/4485496850,,"ocean nursery art, beach nursery decor, coastal baby room, nautical nursery print, sea nursery wall art, gentle ocean art, baby room coastal, soft ocean print, whale nursery art"
Surf Van Art Print,https://grantholt-byte.github.io/images/surf-van-art-print-retro-vw-bus-nursery-decor-beach-baby-room-wall-art-vintage-c.jpg,Earth Day Ocean Art,,"Surf Van Art Print. Celebrate the ocean with stunning coastal wall art. Printable, sustainable, zero waste. $4.99 instant digital download. ocean nursery art | nautical nursery print | gentle ocean art | coastal baby room",https://www.etsy.com/listing/4485474438,,"ocean nursery art, beach nursery decor, coastal baby room, nautical nursery print, sea nursery wall art, gentle ocean art, baby room coastal, soft ocean print, whale nursery art"
Ocean Waves Nursery Art Print,https://grantholt-byte.github.io/images/ocean-waves-nursery-art-print-calming-beach-baby-room-decor-coastal-kids-wall-ar.jpg,Earth Day Ocean Art,,"Ocean Waves Nursery Art Print. Celebrate the ocean with stunning coastal wall art. Printable, sustainable, zero waste. $4.99 instant digital download. nautical nursery print | beach nursery decor | soft ocean print | baby room coastal",https://www.etsy.com/listing/4485499424,,"ocean nursery art, beach nursery decor, coastal baby room, nautical nursery print, sea nursery wall art, gentle ocean art, baby room coastal, soft ocean print, whale nursery art"
Dolphin Surfing Art Print,https://grantholt-byte.github.io/images/dolphin-surfing-art-print-ocean-nursery-wall-art-baby-beach-decor-cute-surf-nurs.jpg,Earth Day Ocean Art,,"Dolphin Surfing Art Print. Celebrate the ocean with stunning coastal wall art. Printable, sustainable, zero waste. $4.99 instant digital download. gentle ocean art | sea nursery wall art | soft ocean print | baby room coastal",https://www.etsy.com/listing/4485495622,,"ocean nursery art, beach nursery decor, coastal baby room, nautical nursery print, sea nursery wall art, gentle ocean art, baby room coastal, soft ocean print, whale nursery art"
Surfboard Collection Nursery Art Print,https://grantholt-byte.github.io/images/surfboard-collection-nursery-art-print-retro-beach-wall-decor-ocean-baby-room-co.jpg,Earth Day Ocean Art,,"Surfboard Collection Nursery Art Print. Celebrate the ocean with stunning coastal wall art. Printable, sustainable, zero waste. $4.99 instant digital download. gentle ocean art | whale nursery art | sea nursery wall art | beach nursery decor",https://www.etsy.com/listing/4485498617,,"ocean nursery art, beach nursery decor, coastal baby room, nautical nursery print, sea nursery wall art, gentle ocean art, baby room coastal, soft ocean print, whale nursery art"
Octopus Surfing Art Print,https://grantholt-byte.github.io/images/octopus-surfing-art-print-ocean-nursery-decor-baby-beach-wall-art-cute-surf-room.jpg,Earth Day Ocean Art,,"Octopus Surfing Art Print. Celebrate the ocean with stunning coastal wall art. Printable, sustainable, zero waste. $4.99 instant digital download. beach nursery decor | soft ocean print | sea nursery wall art | ocean nursery art",https://www.etsy.com/listing/4485488933,,"ocean nursery art, beach nursery decor, coastal baby room, nautical nursery print, sea nursery wall art, gentle ocean art, baby room coastal, soft ocean print, whale nursery art"
Starfish Surfing Art Print,https://grantholt-byte.github.io/images/starfish-surfing-art-print-ocean-nursery-wall-art-baby-beach-room-decor-cute-sur.jpg,Earth Day Ocean Art,,"Starfish Surfing Art Print. Celebrate the ocean with stunning coastal wall art. Printable, sustainable, zero waste. $4.99 instant digital download. soft ocean print | whale nursery art | sea nursery wall art | coastal baby room",https://www.etsy.com/listing/4485491947,,"ocean nursery art, beach nursery decor, coastal baby room, nautical nursery print, sea nursery wall art, gentle ocean art, baby room coastal, soft ocean print, whale nursery art"
Wave Art Print,https://grantholt-byte.github.io/images/wave-art-print-ocean-ripples-nursery-decor-minimalist-water-wall-art-coastal-bab.jpg,Earth Day Ocean Art,,"Wave Art Print. Celebrate the ocean with stunning coastal wall art. Printable, sustainable, zero waste. $4.99 instant digital download. ocean nursery art | whale nursery art | nautical nursery print | beach nursery decor",https://www.etsy.com/listing/4485496243,,"ocean nursery art, beach nursery decor, coastal baby room, nautical nursery print, sea nursery wall art, gentle ocean art, baby room coastal, soft ocean print, whale nursery art"
Pelican Surfing Art Print,https://grantholt-byte.github.io/images/pelican-surfing-art-print-ocean-nursery-wall-art-baby-beach-room-decor-cute-surf.jpg,Earth Day Ocean Art,,"Pelican Surfing Art Print. Celebrate the ocean with stunning coastal wall art. Printable, sustainable, zero waste. $4.99 instant digital download. soft ocean print | ocean nursery art | whale nursery art | baby room coastal",https://www.etsy.com/listing/4485514819,,"ocean nursery art, beach nursery decor, coastal baby room, nautical nursery print, sea nursery wall art, gentle ocean art, baby room coastal, soft ocean print, whale nursery art"
Shark Surfing Art Print,https://grantholt-byte.github.io/images/shark-surfing-art-print-baby-shark-nursery-decor-ocean-beach-kids-room-wall-art-.jpg,Earth Day Ocean Art,,"Shark Surfing Art Print. Celebrate the ocean with stunning coastal wall art. Printable, sustainable, zero waste. $4.99 instant digital download. ocean nursery art | coastal baby room | sea nursery wall art | gentle ocean art",https://www.etsy.com/listing/4485491375,,"ocean nursery art, beach nursery decor, coastal baby room, nautical nursery print, sea nursery wall art, gentle ocean art, baby room coastal, soft ocean print, whale nursery art"
Ocean Waves Nursery Art,https://grantholt-byte.github.io/images/ocean-waves-nursery-art-pastel-morning-swells-print-calm-coastal-baby-room-decor.jpg,Earth Day Ocean Art,,"Ocean Waves Nursery Art. Celebrate the ocean with stunning coastal wall art. Printable, sustainable, zero waste. $4.99 instant digital download. nautical nursery print | sea nursery wall art | coastal baby room | whale nursery art",https://www.etsy.com/listing/4485495607,,"ocean nursery art, beach nursery decor, coastal baby room, nautical nursery print, sea nursery wall art, gentle ocean art, baby room coastal, soft ocean print, whale nursery art"
Sea Turtle Surfing Print,https://grantholt-byte.github.io/images/sea-turtle-surfing-print-ocean-nursery-wall-art-baby-beach-room-decor-cute-surf-.jpg,Earth Day Ocean Art,,"Sea Turtle Surfing Print. Celebrate the ocean with stunning coastal wall art. Printable, sustainable, zero waste. $4.99 instant digital download. nautical nursery print | soft ocean print | gentle ocean art | coastal baby room",https://www.etsy.com/listing/4485494472,,"ocean nursery art, beach nursery decor, coastal baby room, nautical nursery print, sea nursery wall art, gentle ocean art, baby room coastal, soft ocean print, whale nursery art"
Ocean Waves Nursery Art Print — Seafoam Green Beach Wall Art,https://grantholt-byte.github.io/images/ocean-waves-nursery-art-print-seafoam-green-beach-wall-art-calming-coastal-baby-.jpg,Earth Day Ocean Art,,"Ocean Waves Nursery Art Print. Celebrate the ocean with stunning coastal wall art. Printable, sustainable, zero waste. $4.99 instant digital download. nautical nursery print | coastal baby room | soft ocean print | ocean nursery art",https://www.etsy.com/listing/4485502752,,"ocean nursery art, beach nursery decor, coastal baby room, nautical nursery print, sea nursery wall art, gentle ocean art, baby room coastal, soft ocean print, whale nursery art"
Tide Pool Art Print,https://grantholt-byte.github.io/images/tide-pool-art-print-ocean-nursery-wall-art-sea-life-illustration-coastal-kids-ro.jpg,Earth Day Ocean Art,,"Tide Pool Art Print. Celebrate the ocean with stunning coastal wall art. Printable, sustainable, zero waste. $4.99 instant digital download. ocean nursery art | gentle ocean art | beach nursery decor | coastal baby room",https://www.etsy.com/listing/4485503278,,"ocean nursery art, beach nursery decor, coastal baby room, nautical nursery print, sea nursery wall art, gentle ocean art, baby room coastal, soft ocean print, whale nursery art"
Seahorse Surfing Art Print,https://grantholt-byte.github.io/images/seahorse-surfing-art-print-ocean-nursery-wall-art-baby-beach-decor-cute-surf-nur.jpg,Earth Day Ocean Art,,"Seahorse Surfing Art Print. Celebrate the ocean with stunning coastal wall art. Printable, sustainable, zero waste. $4.99 instant digital download. baby room coastal | soft ocean print | whale nursery art | nautical nursery print",https://www.etsy.com/listing/4485490131,,"ocean nursery art, beach nursery decor, coastal baby room, nautical nursery print, sea nursery wall art, gentle ocean art, baby room coastal, soft ocean print, whale nursery art"
